yago	http://dbpedia.org/class/yago/
rdf	http://www.w3.org/1999/02/22-rdf-syntax-ns#
foaf	http://xmlns.com/foaf/0.1/
dbp	http://dbpedia.org/property/
owl	http://www.w3.org/2002/07/owl#
dc	http://purl.org/dc/elements/1.1/
rdfs	http://www.w3.org/2000/01/rdf-schema#
dbo	http://dbpedia.org/ontology/
rss	http://purl.org/rss/1.0/
sc	http://umbel.org/umbel/sc/
fb	http://rdf.freebase.com/ns/
geonames	http://www.geonames.org/ontology#
skos	http://www.w3.org/2004/02/skos/core#
geo	http://www.w3.org/2003/01/geo/wgs84_pos#
sioc	http://rdfs.org/sioc/ns#
cyc	http://sw.opencyc.org/concept/
akt	http://www.aktors.org/ontology/portal#
dbpedia	http://dbpedia.org/resource/
gr	http://purl.org/goodrelations/v1#
xsd	http://www.w3.org/2001/XMLSchema#
admin	http://webns.net/mvcb/
swrc	http://swrc.ontoware.org/ontology#
dcterms	http://purl.org/dc/terms/
commerce	http://search.yahoo.com/searchmonkey/commerce/
dbpprop	http://dbpedia.org/property/
xhtml	http://www.w3.org/1999/xhtml#
doap	http://usefulinc.com/ns/doap#
content	http://purl.org/rss/1.0/modules/content/
#dc11	http://purl.org/dc/elements/1.1/
dct	http://purl.org/dc/terms/
vcard	http://www.w3.org/2006/vcard/ns#
void	http://rdfs.org/ns/void#
bill	http://www.rdfabout.com/rdf/schema/usbill/
gldp	http://www.w3.org/ns/people#
gen	http://www.w3.org/2006/gen/ont#
wot	http://xmlns.com/wot/0.1/
test2	http://this.invalid/test2#
org	http://www.w3.org/ns/org#
nie	http://www.semanticdesktop.org/ontologies/2007/01/19/nie#
d2rq	http://www.wiwiss.fu-berlin.de/suhl/bizer/D2RQ/0.1#
drugbank	http://www4.wiwiss.fu-berlin.de/drugbank/resource/drugbank/
http	http://www.w3.org/2006/http#
rel	http://purl.org/vocab/relationship/
og	http://opengraphprotocol.org/schema/
mo	http://purl.org/ontology/mo/
vann	http://purl.org/vocab/vann/
factbook	http://www4.wiwiss.fu-berlin.de/factbook/ns#
qb	http://purl.org/linked-data/cube#
media	http://search.yahoo.com/searchmonkey/media/
ex	http://example.com/
dcmit	http://purl.org/dc/dcmitype/
bio	http://purl.org/vocab/bio/0.1/
cc	http://creativecommons.org/ns#
bibo	http://purl.org/ontology/bibo/
earl	http://www.w3.org/ns/earl#
reco	http://purl.org/reco#
musim	http://purl.org/ontology/similarity/
aiiso	http://purl.org/vocab/aiiso/schema#
dv	http://rdf.data-vocabulary.org/#
air	http://dig.csail.mit.edu/TAMI/2007/amord/air#
wn20schema	http://www.w3.org/2006/03/wn/wn20/schema/
cld	http://purl.org/cld/terms/
cv	http://rdfs.org/resume-rdf/
book	http://purl.org/NET/book/vocab#
xfn	http://vocab.sindice.com/xfn#
dcq	http://purl.org/dc/terms/
ical	http://www.w3.org/2002/12/cal/ical#
rev	http://purl.org/stuff/rev#
botany	http://purl.org/NET/biol/botany#
owlim	http://www.ontotext.com/trree/owlim#
days	http://ontologi.es/days#
dir	http://schemas.talis.com/2005/dir/schema#
tag	http://www.holygoat.co.uk/owl/redwood/0.1/tags/
swc	http://data.semanticweb.org/ns/swc/ontology#
afn	http://jena.hpl.hp.com/ARQ/function#
event	http://purl.org/NET/c4dm/event.owl#
mu	http://www.kanzaki.com/ns/music#
sider	http://www4.wiwiss.fu-berlin.de/sider/resource/sider/
rdfg	http://www.w3.org/2004/03/trix/rdfg-1/
ad	http://schemas.talis.com/2005/address/schema#
sd	http://www.w3.org/ns/sparql-service-description#
sism	http://purl.oclc.org/NET/sism/0.1/
cert	http://www.w3.org/ns/auth/cert#
biblio	http://purl.org/net/biblio#
osag	http://www.ordnancesurvey.co.uk/ontology/AdministrativeGeography/v2.0/AdministrativeGeography.rdf#
memo	http://ontologies.smile.deri.ie/2009/02/27/memo#
xf	http://www.w3.org/2002/xforms/
log	http://www.w3.org/2000/10/swap/log#
cfp	http://sw.deri.org/2005/08/conf/cfp.owl#
fn	http://www.w3.org/2005/xpath-functions#
cs	http://purl.org/vocab/changeset/schema#
cal	http://www.w3.org/2002/12/cal/ical#
af	http://purl.org/ontology/af/
ctag	http://commontag.org/ns#
ome	http://purl.org/ontomedia/core/expression#
dbr	http://dbpedia.org/resource/
movie	http://data.linkedmdb.org/resource/movie/
xhv	http://www.w3.org/1999/xhtml/vocab#
cmp	http://www.ontologydesignpatterns.org/cp/owl/componency.owl#
swanq	http://purl.org/swan/1.2/qualifiers/
xs	http://www.w3.org/2001/XMLSchema#
dcn	http://www.w3.org/2007/uwa/context/deliverycontext.owl#
co	http://purl.org/ontology/co/core#
ir	http://www.ontologydesignpatterns.org/cp/owl/informationrealization.owl#
giving	http://ontologi.es/giving#
math	http://www.w3.org/2000/10/swap/math#
ok	http://okkam.org/terms#
lomvoc	http://ltsc.ieee.org/rdf/lomv1p0/vocabulary#
swande	http://purl.org/swan/1.2/discourse-elements/
rif	http://www.w3.org/2007/rif#
daia	http://purl.org/ontology/daia/
sr	http://www.openrdf.org/config/repository/sail#
myspace	http://purl.org/ontology/myspace#
jdbc	http://d2rq.org/terms/jdbc/
nfo	http://www.semanticdesktop.org/ontologies/2007/03/22/nfo#
tzont	http://www.w3.org/2006/timezone#
ac	http://umbel.org/umbel/ac/
po	http://purl.org/ontology/po/
con	http://www.w3.org/2000/10/swap/pim/contact#
akts	http://www.aktors.org/ontology/support#
uniprot	http://purl.uniprot.org/core/
rsa	http://www.w3.org/ns/auth/rsa#
sioct	http://rdfs.org/sioc/types#
daml	http://www.daml.org/2001/03/daml+oil#
ov	http://open.vocab.org/terms/
wo	http://purl.org/ontology/wo/
frbr	http://purl.org/vocab/frbr/core#
pmlj	http://inference-web.org/2.0/pml-justification.owl#
politico	http://www.rdfabout.com/rdf/schema/politico/
usgov	http://www.rdfabout.com/rdf/schema/usgovt/
pto	http://www.productontology.org/id/
oauth	http://demiblog.org/vocab/oauth#
prv	http://purl.org/net/provenance/ns#
lfm	http://purl.org/ontology/last-fm/
taxo	http://purl.org/rss/1.0/modules/taxonomy/
scovo	http://purl.org/NET/scovo#
omt	http://purl.org/ontomedia/ext/common/trait#
doac	http://ramonantonio.net/doac/0.1/#
vote	http://www.rdfabout.com/rdf/schema/vote/
#mit	http://purl.org/ontology/mo/mit#
scot	http://scot-project.org/scot/ns#
affy	http://www.affymetrix.com/community/publications/affymetrix/tmsplice#
irrl	http://www.ontologydesignpatterns.org/cp/owl/informationobjectsandrepresentationlanguages.owl#
wn	http://xmlns.com/wordnet/1.6/
vs	http://www.w3.org/2003/06/sw-vocab-status/ns#
lastfm	http://purl.org/ontology/last-fm/
oo	http://purl.org/openorg/
lgd	http://linkedgeodata.org/ontology/
nao	http://www.semanticdesktop.org/ontologies/2007/08/15/nao#
user	http://schemas.talis.com/2005/user/schema#
coref	http://www.rkbexplorer.com/ontologies/coref#
rep	http://www.openrdf.org/config/repository#
lode	http://linkedevents.org/ontology/
spc	http://purl.org/ontomedia/core/space#
wordmap	http://purl.org/net/ns/wordmap#
dctype	http://purl.org/dc/dcmitype/
abc	http://www.metadata.net/harmony/ABCSchemaV5Commented.rdf#
es	http://eulersharp.sourceforge.net/2003/03swap/log-rules#
zoology	http://purl.org/NET/biol/zoology#
money	http://purl.org/net/rdf-money/
ore	http://www.openarchives.org/ore/terms/
fec	http://www.rdfabout.com/rdf/schema/usfec/
ti	http://www.ontologydesignpatterns.org/cp/owl/timeinterval.owl#
dcat	http://www.w3.org/ns/dcat#
audio	http://purl.org/media/audio#
code	http://telegraphis.net/ontology/measurement/code#
omb	http://purl.org/ontomedia/ext/common/being#
ya	http://blogs.yandex.ru/schema/foaf/
powder	http://www.w3.org/2007/05/powder#
sede	http://eventography.org/sede/0.1/
omp	http://purl.org/ontomedia/ext/common/profession#
nco	http://www.semanticdesktop.org/ontologies/2007/03/22/nco#
atomix	http://buzzword.org.uk/rdf/atomix#
sv	http://schemas.talis.com/2005/service/schema#
imm	http://schemas.microsoft.com/imm/
lang	http://ontologi.es/lang/core#
video	http://purl.org/media/video#
eztag	http://ontologies.ezweb.morfeo-project.org/eztag/ns#
omc	http://purl.org/ontomedia/ext/common/bestiary#
lx	http://purl.org/NET/lx#
kwijibo	http://kwijibo.talis.com/
airport	http://www.daml.org/2001/10/html/airport-ont#
resex	http://resex.rkbexplorer.com/ontologies/resex#
loc	http://www.w3.org/2007/uwa/context/location.owl#
courseware	http://courseware.rkbexplorer.com/ontologies/courseware#
ecs	http://rdf.ecs.soton.ac.uk/ontology/ecs#
swrlb	http://www.w3.org/2003/11/swrlb#
swrl	http://www.w3.org/2003/11/swrl#
meta	http://www.openrdf.org/rdf/2009/metadata#
lom	http://ltsc.ieee.org/rdf/lomv1p0/lom#
doc	http://www.w3.org/2000/10/swap/pim/doc#
protege	http://protege.stanford.edu/system#
os	http://www.w3.org/2000/10/swap/os#
skosxl	http://www.w3.org/2008/05/skos-xl#
myspo	http://purl.org/ontology/myspace#
osoc	http://web-semantics.org/ns/opensocial#
acc	http://purl.org/NET/acc#
rei	http://www.w3.org/2004/06/rei#
java	http://www.w3.org/2007/uwa/context/java.owl#
irw	http://www.ontologydesignpatterns.org/ont/web/irw.owl#
dcam	http://purl.org/dc/dcam/
custom	http://www.openrdf.org/config/sail/custom#
rec	http://purl.org/ontology/rec/core#
osgb	http://data.ordnancesurvey.co.uk/id/
sit	http://www.ontologydesignpatterns.org/cp/owl/situation.owl#
hlisting	http://sindice.com/hlisting/0.1/
nrl	http://www.semanticdesktop.org/ontologies/2007/08/15/nrl#
link	http://www.w3.org/2006/link#
chord	http://purl.org/ontology/chord/
lingvoj	http://www.lingvoj.org/ontology#
p3p	http://www.w3.org/2002/01/p3prdfv1#
fresnel	http://www.w3.org/2004/09/fresnel#
wdr	http://www.w3.org/2007/05/powder#
music	http://musicontology.com/
spin	http://spinrdf.org/spin#
smiley	http://www.smileyontology.com/ns#
umbel	http://umbel.org/umbel#
hard	http://www.w3.org/2007/uwa/context/hardware.owl#
unit	http://qudt.org/vocab/unit#
meetup	http://www.lotico.com/meetup/
ptr	http://www.w3.org/2009/pointers#
iswc	http://annotation.semanticweb.org/2004/iswc#
doclist	http://www.junkwork.net/xml/DocumentList#
ne	http://umbel.org/umbel/ne/
tdb	http://jena.hpl.hp.com/2008/tdb#
h5	http://buzzword.org.uk/rdf/h5#
lotico	http://www.lotico.com/resource/
acm	http://www.rkbexplorer.com/ontologies/acm#
spl	http://spinrdf.org/spl#
ncal	http://www.semanticdesktop.org/ontologies/2007/04/02/ncal#
prj	http://purl.org/stuff/project/
ibis	http://purl.org/ibis#
dailymed	http://www4.wiwiss.fu-berlin.de/dailymed/resource/dailymed/
sail	http://www.openrdf.org/config/sail#
space	http://purl.org/net/schemas/space/
test	http://test2.example.com/
lifecycle	http://purl.org/vocab/lifecycle/schema#
wnschema	http://www.cogsci.princeton.edu/~wn/schema/
acl	http://www.w3.org/ns/auth/acl#
resist	http://www.rkbexplorer.com/ontologies/resist#
sp	http://spinrdf.org/sp#
tl	http://purl.org/NET/c4dm/timeline.owl#
net	http://www.w3.org/2007/uwa/context/network.owl#
biol	http://purl.org/NET/biol/ns#
nmo	http://www.semanticdesktop.org/ontologies/2007/03/22/nmo#
time	http://www.w3.org/2006/time#
tmo	http://www.semanticdesktop.org/ontologies/2008/05/20/tmo#
sm	http://topbraid.org/sparqlmotion#
sml	http://topbraid.org/sparqlmotionlib#
trackback	http://madskills.com/public/xml/rss/module/trackback/
phss	http://ns.poundhill.com/phss/1.0/
lfn	http://www.dotnetrdf.org/leviathan#
common	http://www.w3.org/2007/uwa/context/common.owl#
gold	http://purl.org/linguistics/gold/
exif	http://www.w3.org/2003/12/exif/ns#
formats	http://www.w3.org/ns/formats/
swandr	http://purl.org/swan/1.2/discourse-relationships/
dcmitype	http://purl.org/dc/dcmitype/
atom	http://www.w3.org/2005/Atom/
omm	http://purl.org/ontomedia/core/media#
wv	http://vocab.org/waiver/terms/
xhe	http://buzzword.org.uk/rdf/xhtml-elements#
contact	http://www.w3.org/2000/10/swap/pim/contact#
label	http://purl.org/net/vocab/2004/03/label#
nexif	http://www.semanticdesktop.org/ontologies/2007/05/10/nexif#
swh	http://plugin.org.uk/swh-plugins/
moat	http://moat-project.org/ns#
list	http://www.w3.org/2000/10/swap/list#
wdrs	http://www.w3.org/2007/05/powder-s#
frbre	http://purl.org/vocab/frbr/extended#
bio2rdf	http://bio2rdf.org/
product	http://purl.org/commerce/product#
sesame	http://www.openrdf.org/schema/sesame#
ire	http://www.ontologydesignpatterns.org/cpont/ire.owl#
xen	http://buzzword.org.uk/rdf/xen#
swp	http://www.w3.org/2004/03/trix/swp-2/
pmlp	http://inference-web.org/2.0/pml-provenance.owl#
web	http://www.w3.org/2007/uwa/context/web.owl#
dbpediaowl	http://dbpedia.org/ontology/
ping	http://purl.org/net/pingback/
bsbm	http://www4.wiwiss.fu-berlin.de/bizer/bsbm/v01/vocabulary/
gpt	http://purl.org/vocab/riro/gpt#
qdoslf	http://foaf.qdos.com/lastfm/schema/
sdl	http://purl.org/vocab/riro/sdl#
swanqs	http://purl.org/swan/1.2/qualifiers/
pmt	http://tipsy.googlecode.com/svn/trunk/vocab/pmt#
climb	http://climb.dataincubator.org/vocabs/climb/
pr	http://ontologi.es/profiling#
smf	http://topbraid.org/sparqlmotionfunctions#
oat	http://openlinksw.com/schemas/oat/
lt	http://diplomski.nelakolundzija.org/LTontology.rdf#
dummy	http://hello.com/
resource	http://purl.org/vocab/resourcelist/schema#
fed	http://www.openrdf.org/config/sail/federation#
opensearch	http://a9.com/-/spec/opensearch/1.1/
ddc	http://purl.org/NET/decimalised#
ddl	http://purl.org/vocab/riro/ddl#
imreg	http://www.w3.org/2004/02/image-regions#
sl	http://www.semanlink.net/2001/00/semanlink-schema#
opm	http://openprovenance.org/ontology#
soft	http://www.w3.org/2007/uwa/context/software.owl#
wgs84	http://www.w3.org/2003/01/geo/wgs84_pos#
states	http://www.w3.org/2005/07/aaa#
tags	http://www.holygoat.co.uk/owl/redwood/0.1/tags/
cycann	http://sw.cyc.com/CycAnnotations_v1#
crypto	http://www.w3.org/2000/10/swap/crypto#
am	http://vocab.deri.ie/am#
pimo	http://www.semanticdesktop.org/ontologies/2007/11/01/pimo#
sim	http://purl.org/ontology/similarity/
gob	http://purl.org/ontology/last-fm/
mysql	http://web-semantics.org/ns/mysql/
rdfa	http://www.w3.org/ns/rdfa#
conserv	http://conserv.deri.ie/ontology#
like	http://ontologi.es/like#
urn	http://fliqz.com/
psych	http://purl.org/vocab/psychometric-profile/
dady	http://purl.org/NET/dady#
grddl	http://www.w3.org/2003/g/data-view#
obj	http://www.openrdf.org/rdf/2009/object#
push	http://www.w3.org/2007/uwa/context/push.owl#
spacerel	http://data.ordnancesurvey.co.uk/ontology/spatialrelations/
puc	http://purl.org/NET/puc#
wisski	http://wiss-ki.eu/
xl	http://langegger.at/xlwrap/vocab#
pmlr	http://inference-web.org/2.0/pml-relation.owl#
xesam	http://freedesktop.org/standards/xesam/1.0/core#
bibtex	http://purl.oclc.org/NET/nknouf/ns/bibtex#
scv	http://purl.org/NET/scovo#
mf	http://poshrdf.org/ns/mf#
uri	http://purl.org/NET/uri#
geographis	http://telegraphis.net/ontology/geography/geography#
so	http://purl.org/ontology/symbolic-music/
dcterm	http://purl.org/dc/terms/
play	http://uriplay.org/spec/ontology/#
cnt	http://www.w3.org/2008/content#
nid3	http://www.semanticdesktop.org/ontologies/2007/05/10/nid3#
swanag	http://purl.org/swan/1.2/agents/
wairole	http://www.w3.org/2005/01/wai-rdf/GUIRoleTaxonomy#
plink	http://buzzword.org.uk/rdf/personal-link-types#
c4n	http://vocab.deri.ie/c4n#
swanpav	http://purl.org/swan/1.2/pav/
evset	http://dsnotify.org/vocab/eventset/0.1/
xforms	http://www.w3.org/2002/xforms/
profiling	http://ontologi.es/profiling#
coin	http://purl.org/court/def/2009/coin#
sysont	http://ns.ontowiki.net/SysOnt/
wgs	http://www.w3.org/2003/01/geo/wgs84_pos#
xhtmlvocab	http://www.w3.org/1999/xhtml/vocab/
swanco	http://purl.org/swan/1.2/swan-commons/
ttl	http://www.w3.org/2008/turtle#
string	http://www.w3.org/2000/10/swap/string#
game	http://data.totl.net/game/
swivt	http://semantic-mediawiki.org/swivt/1.0#
swanci	http://purl.org/swan/1.2/citations/
ref	http://purl.org/vocab/relationship/
status	http://ontologi.es/status#
okkam	http://models.okkam.org/ENS-core-vocabulary#
tripfs	http://purl.org/tripfs/2010/02#
ezcontext	http://ontologies.ezweb.morfeo-project.org/ezcontext/ns#
dbpp	http://dbpedia.org/property/
evopat	http://ns.aksw.org/Evolution/
opo	http://online-presence.net/opo/ns#
ldap	http://purl.org/net/ldap/
cco	http://purl.org/ontology/cco/core#
oc	http://opencoinage.org/rdf/
timeline	http://purl.org/NET/c4dm/timeline.owl#
bib	http://zeitkunst.org/bibtex/0.1/bibtex.owl#
lark1	http://users.utcluj.ro/~raluca/ontology/Ontology1279614123500.owl#
awol	http://bblfish.net/work/atom-owl/2006-06-06/#
ist	http://purl.org/ontology/is/types/
olo	http://purl.org/ontology/olo/core#
isq	http://purl.org/ontology/is/quality/
rooms	http://vocab.deri.ie/rooms#
sparql	http://www.openrdf.org/config/repository/sparql#
anca	http://users.utcluj.ro/~raluca/rdf_ontologies_ralu/ralu_modified_ontology_pizzas2_0#
pmlt	http://inference-web.org/2.0/pml-trust.owl#
wlp	http://weblab-project.org/core/model/property/processing/
ct	http://data.linkedct.org/resource/linkedct/
wgspos	http://www.w3.org/2003/01/geo/wgs84_pos#
tarot	http://data.totl.net/tarot/card/
compass	http://purl.org/net/compass#
isi	http://purl.org/ontology/is/inst/
dayta	http://dayta.me/resource#
aifb	http://www.aifb.kit.edu/id/
swid	http://semanticweb.org/id/
txn	http://lod.taxonconcept.org/ontology/txn.owl#
meteo	http://purl.org/ns/meteo#
prot	http://www.proteinontology.info/po.owl#
sdmx	http://purl.org/linked-data/sdmx#
ufmedia	http://purl.org/microformat/hmedia/
whois	http://www.kanzaki.com/ns/whois#
opmv	http://purl.org/net/opmv/ns#
remus	http://www.semanticweb.org/ontologies/2010/6/Ontology1279614123500.owl#
copyright	http://rhizomik.net/ontologies/2008/05/copyrightonto.owl#
ean	http://openean.kaufkauf.net/id/
kb	http://deductions.sf.net/ontology/knowledge_base.owl#
dnr	http://www.dotnetrdf.org/configuration#
xbrli	http://www.xbrl.org/2003/instance#
freebase	http://rdf.freebase.com/ns/
cos	http://www.inria.fr/acacia/corese#
pdo	http://ontologies.smile.deri.ie/pdo#
geoes	http://geo.linkeddata.es/resource/
sawsdl	http://www.w3.org/ns/sawsdl#
sioca	http://rdfs.org/sioc/actions#
derecho	http://purl.org/derecho#
eu	http://eulersharp.sourceforge.net/2003/03swap/log-rules#
rulz	http://purl.org/NET/rulz#
act	http://www.w3.org/2007/rif-builtin-action#
search	http://sindice.com/vocab/search#
hcterms	http://purl.org/uF/hCard/terms/
opus	http://lsdis.cs.uga.edu/projects/semdis/opus#
conv	http://purl.org/twc/vocab/conversion/
dgfoaf	http://west.uni-koblenz.de/ontologies/2010/07/dgfoaf.owl#
nsa	http://multimedialab.elis.ugent.be/organon/ontologies/ninsuna#
languages	http://eulersharp.sourceforge.net/2003/03swap/languages#
is	http://purl.org/ontology/is/core#
loticoowl	http://www.lotico.com/ontology/
ao	http://purl.org/ontology/ao/core#
gridworks	http://purl.org/net/opmv/types/gridworks#
posh	http://poshrdf.org/ns/posh/
yoda	http://purl.org/NET/yoda#
pgterms	http://www.gutenberg.org/2009/pgterms/
xtypes	http://purl.org/xtypes/
pc	http://purl.org/procurement/public-contracts#
gv	http://rdf.data-vocabulary.org/#
geospecies	http://rdf.geospecies.org/ont/geospecies#
postcode	http://data.ordnancesurvey.co.uk/id/postcodeunit/
organism	http://eulersharp.sourceforge.net/2003/03swap/organism#
bookmark	http://www.w3.org/2002/01/bookmark#
session	http://redfoot.net/2005/session#
tripfs2	http://purl.org/tripfs/2010/06#
com	http://purl.org/commerce#
dblp	http://www4.wiwiss.fu-berlin.de/dblp/terms.rdf#
ma	http://www.w3.org/ns/ma-ont#
nt	http://ns.inria.fr/nicetag/2010/09/09/voc#
linkedct	http://data.linkedct.org/vocab/
rail	http://ontologi.es/rail/vocab#
commons	http://commons.psi.enakting.org/def/
go	http://www.geneontology.org/go#
protons	http://proton.semanticweb.org/2005/04/protons#
organiz	http://eulersharp.sourceforge.net/2003/03swap/organization#
nocal	http://vocab.deri.ie/nocal#
httph	http://www.w3.org/2007/ont/httph#
fab	http://purl.org/fab/ns#
toby	http://tobyinkster.co.uk/#
oboro	http://obofoundry.org/ro/ro.owl#
cito	http://purl.org/net/cito/
gn	http://www.geonames.org/ontology#
prov	http://www.w3.org/ns/prov#
pbo	http://purl.org/ontology/pbo/core#
r2r	http://www4.wiwiss.fu-berlin.de/bizer/r2r/
provenir	http://knoesis.wright.edu/provenir/provenir.owl#
events	http://eulersharp.sourceforge.net/2003/03swap/event#
w3p	http://prov4j.org/w3p/
room	http://vocab.deri.ie/rooms#
countries	http://eulersharp.sourceforge.net/2003/03swap/countries#
wordnet	http://purl.org/vocabularies/princeton/wordnet/schema#
tio	http://purl.org/tio/ns#
agents	http://eulersharp.sourceforge.net/2003/03swap/agent#
dul	http://www.loa-cnr.it/ontologies/DUL.owl#
healthcare	http://www.agfa.com/w3c/2009/healthCare#
rr	http://www.w3.org/ns/r2rml#
eg	http://eulergui.sourceforge.net/engine.owl#
pobo	http://purl.obolibrary.org/obo/
humanbody	http://eulersharp.sourceforge.net/2003/03swap/humanBody#
lp	http://launchpad.net/rdf/launchpad#
geodata	http://sws.geonames.org/
enc	http://www.w3.org/2001/04/xmlenc#
esd	http://def.esd.org.uk/
odp	http://ontologydesignpatterns.org/
drug	http://www.agfa.com/w3c/2009/drugTherapy#
phil	http://philosurfical.open.ac.uk/ontology/philosurfical.owl/
dbprop	http://dbpedia.org/property/
linkedmdb	http://data.linkedmdb.org/sparql/
malignneo	http://www.agfa.com/w3c/2009/malignantNeoplasm#
rnews	http://iptc.org/std/rNews/2011-10-07#
crm	http://erlangen-crm.org/current/
human	http://eulersharp.sourceforge.net/2003/03swap/human#
webtlab	http://webtlab.it.uc3m.es/
sindice	http://vocab.sindice.net/
units	http://eulersharp.sourceforge.net/2003/03swap/unitsExtension#
xfnv	http://vocab.sindice.com/xfn#
lib	http://schemas.talis.com/2005/library/schema#
genab	http://eulersharp.sourceforge.net/2003/03swap/genomeAbnormality#
elog	http://eulersharp.sourceforge.net/2003/03swap/log-rules#
edm	http://www.europeana.eu/schemas/edm/
muo	http://purl.oclc.org/NET/muo/muo#
quak	http://dev.w3.org/cvsweb/2000/quacken/vocab#
lvont	http://lexvo.org/ontology#
nndsr	http://semanticdiet.com/schema/usda/nndsr/
bioskos	http://eulersharp.sourceforge.net/2003/03swap/bioSKOSSchemes#
vso	http://purl.org/vso/ns#
ass	http://uptheasset.org/ontology#
sport	http://www.bbc.co.uk/ontologies/sport/
agent	http://eulersharp.sourceforge.net/2003/03swap/agent#
agetec	http://www.agetec.org/
zbwext	http://zbw.eu/namespaces/zbw-extensions/
ps	http://purl.org/payswarm#
xds	http://www.w3.org/2001/XMLSchema#
cordis	http://www4.wiwiss.fu-berlin.de/cordis/resource/cordis/
hemogram	http://www.agfa.com/w3c/2009/hemogram#
req	http://ns.softwiki.de/req/
aair	http://xmlns.notu.be/aair#
care	http://eulersharp.sourceforge.net/2003/03swap/care#
gd	http://rdf.data-vocabulary.org/#
lgdo	http://linkedgeodata.org/ontology/
prvr	http://purl.org/ontology/prv/rules#
opwn	http://www.ontologyportal.org/WordNet.owl#
quantities	http://eulersharp.sourceforge.net/2003/03swap/quantitiesExtension#
hospital	http://www.agfa.com/w3c/2009/hospital#
xro	http://www.stalsoft.com/ontologies/xro/ns#
cpm	http://catalogus-professorum.org/cpm/
pom	http://maven.apache.org/POM/4.0.0#
xsl	http://www.w3.org/1999/XSL/Transform#
conversion	http://purl.org/twc/vocab/conversion/
c4o	http://purl.org/spar/c4o/
prvtypes	http://purl.org/net/provenance/types#
payment	http://reference.data.gov.uk/def/payment#
openlinks	http://www.openlinksw.com/schemas/virtrdf#
lod2	http://lod2.eu/schema/
ceo	http://www.ebusiness-unibw.org/ontologies/consumerelectronics/v1#
core	http://vivoweb.org/ontology/core#
govwild	http://govwild.org/ontology/GWOntology.owl#
admingeo	http://data.ordnancesurvey.co.uk/ontology/admingeo/
transmed	http://www.w3.org/2001/sw/hcls/ns/transmed/
eat	http://www.awesomesauce.net/urmom/
theatre	http://purl.org/theatre#
wao	http://webtlab.it.uc3m.es/2010/10/WebAppsOntology#
uni	http://purl.org/weso/uni/uni.html#
prism	http://prismstandard.org/namespaces/basic/2.0/
address	http://schemas.talis.com/2005/address/schema#
umbelrc	http://umbel.org/umbel/rc/
card	http://www.ashutosh.com/test/
infection	http://www.agfa.com/w3c/2009/infectiousDisorder#
schema	http://schema.org/
hartigprov	http://purl.org/net/provenance/ns#
wai	http://purl.org/wai#
clinproc	http://www.agfa.com/w3c/2009/clinicalProcedure#
ui	http://www.w3.org/ns/ui#
gelo	http://krauthammerlab.med.yale.edu/ontologies/gelo#
cube	http://purl.org/linked-data/cube#
decl	http://www.linkedmodel.org/1.0/schema/decl#
tei	http://www.tei-c.org/ns/1.0/
environ	http://eulersharp.sourceforge.net/2003/03swap/environment#
ccard	http://purl.org/commerce/creditcard#
span	http://www.ifomis.org/bfo/1.1/span#
prissma	http://ns.inria.fr/prissma/v1#
scsv	http://purl.org/NET/schema-org-csv#
dgtwc	http://data-gov.tw.rpi.edu/2009/data-gov-twc.rdf#
voaf	http://mondeca.com/foaf/voaf#
ro	http://purl.org/obo/owl/ro#
sig	http://purl.org/signature#
semtweet	http://semantictweet.com/
clineva	http://www.agfa.com/w3c/2009/clinicalEvaluation#
wf	http://www.w3.org/2005/01/wf/flow#
hints2005	http://purl.org/twc/cabig/model/HINTS2005-1.owl#
coeus	http://bioinformatics.ua.pt/coeus/
scowt	http://purl.org/weso/ontologies/scowt#
sco	http://purl.org/ontology/sco#
aneo	http://akonadi-project.org/ontologies/aneo#
zem	http://s.zemanta.com/ns#
disease	http://www.agfa.com/w3c/2009/humanDisorder#
p20	http://zbw.eu/beta/p20/vocab/
obo	http://purl.obolibrary.org/obo/
ccom	http://purl.org/ontology/cco/mappings#
res	http://www.w3.org/2005/sparql-results#
arch	http://purl.org/archival/vocab/arch#
dtype	http://www.linkedmodel.org/schema/dtype#
spatial	http://geovocab.org/spatial#
pos	http://www.w3.org/2003/01/geo/wgs84_pos#
eco	http://www.ebusiness-unibw.org/ontologies/eclass/5.1.4/#
bcnnorms	http://datos.bcn.cl/ontologies/bcn-norms#
olia	http://purl.org/olia/olia.owl#
out	http://ontologies.hypios.com/out#
atomowl	http://bblfish.net/work/atom-owl/2006-06-06/#
cpv	http://purl.org/weso/cpv/
soap	http://www.w3.org/2003/05/soap-envelope/
skip	http://skipforward.net/skipforward/resource/
campsite	http://www.openlinksw.com/campsites/schema#
sioctypes	http://rdfs.org/sioc/types#
vcard2006	http://www.w3.org/2006/vcard/ns#
gc	http://www.oegov.org/core/owl/gc#
owls	http://www.daml.org/services/owl-s/1.2/Service.owl#
httpvoc	http://www.w3.org/2006/http#
rv	http://wifo-ravensburg.de/semanticweb.rdf#
edam	http://purl.bioontology.org/ontology/EDAM/
gml	http://www.opengis.net/gml/
mte	http://nl.ijs.si/ME/owl/
voag	http://voag.linkedmodel.org/schema/voag#
sio	http://semanticscience.org/resource/
telmap	http://purl.org/telmap/
saxon	http://saxon.sf.net/
govtrackus	http://www.rdfabout.com/rdf/usgov/geo/us/
pns	http://data.press.net/ontology/stuff/
hcard	http://purl.org/uF/hCard/terms/
rdfdf	http://www.openlinksw.com/virtrdf-data-formats#
iron	http://purl.org/ontology/iron#
ann	http://www.w3.org/2000/10/annotation-ns#
fct	http://openlinksw.com/services/facets/1.0/
uta	http://uptheasset.org/ontology#
ngeo	http://geovocab.org/geometry#
mtecore	http://purl.org/olia/mte/multext-east.owl#
cmo	http://purl.org/twc/ontologies/cmo.owl#
oper	http://sweet.jpl.nasa.gov/2.0/mathOperation.owl#
vsto	http://escience.rpi.edu/ontology/vsto/2/0/vsto.owl#
rich	http://rdf.data-vocabulary.org/
diseasome	http://www4.wiwiss.fu-berlin.de/diseasome/resource/diseasome/
teach	http://linkedscience.org/teach/ns#
vaem	http://www.linkedmodel.org/schema/vaem#
mei	http://www.music-encoding.org/ns/mei/
biocore	http://bio2rdf.org/core:
vivo	http://vivoweb.org/ontology/core#
kw	http://kwantu.net/kw/
rdo	http://purl.org/rdo/ns#
db	http://dbpedia.org/
s4ac	http://ns.inria.fr/s4ac/v1#
steel	http://ontorule-project.eu/resources/steel-30#
wm	http://ns.inria.fr/webmarks#
biordf	http://purl.org/net/biordfmicroarray/ns#
iao	http://purl.obolibrary.org/obo/iao.owl#
vitro	http://vitro.mannlib.cornell.edu/ns/vitro/public#
fingal	http://vocab.deri.ie/fingal#
greg	http://kasei.us/about/foaf.xrdf#
ppo	http://vocab.deri.ie/ppo#
nytimes	http://data.nytimes.com/elements/
name	http://example.org/name#
lgv	http://linkedgeodata.org/ontology/
place	http://purl.org/ontology/places/
oboso	http://purl.org/obo/owl/SO#
fabio	http://purl.org/spar/fabio#
skiresort	http://www.openlinksw.com/ski_resorts/schema#
s3db	http://www.s3db.org/core#
gazetteer	http://data.ordnancesurvey.co.uk/ontology/50kGazetteer/
eye	http://jena.hpl.hp.com/Eyeball#
coo	http://purl.org/coo/ns#
qudt	http://qudt.org/1.1/schema/qudt#
aapi	http://rdf.alchemyapi.com/rdf/v1/s/aapi-schema#
aims	http://aims.fao.org/aos/common/
re	http://www.w3.org/2000/10/swap/reason#
lodac	http://lod.ac/ns/lodac#
ms	http://purl.org/obo/owl/MS#
#obs	???
w3con	http://www.w3.org/2000/10/swap/pim/contact#
eui	http://institutions.publicdata.eu/#
prog	http://purl.org/prog/
shv	http://ns.aksw.org/spatialHierarchy/
rdb	http://www.dbs.cs.uni-duesseldorf.de/RDF/relational#
str	http://nlp2rdf.lod2.eu/schema/string/
gesis	http://lod.gesis.org/lodpilot/ALLBUS/vocab.rdf#
dawgt	http://www.w3.org/2001/sw/DataAccess/tests/test-dawg#
telix	http://purl.org/telix#
owlse	http://www.daml.org/services/owl-s/1.2/generic/Expression.owl#
cvbase	http://purl.org/captsolo/resume-rdf/0.2/base#
tmpl	http://purl.org/restdesc/http-template#
visko	http://trust.utep.edu/visko/ontology/visko-operator-v3.owl#
artstor	http://simile.mit.edu/2003/10/ontologies/artstor#
overheid	http://standaarden.overheid.nl/owms/
ogp	http://ogp.me/ns#
vcardx	http://buzzword.org.uk/rdf/vcardx#
water	http://escience.rpi.edu/ontology/semanteco/2/0/water.owl#
xt	http://purl.org/twc/vocab/cross-topix#
kontakt	http://richard.cyganiak.de/
sso	http://nlp2rdf.lod2.eu/schema/sso/
geovocab	http://geovocab.org/
bcngeo	http://datos.bcn.cl/ontologies/bcn-geographics#
sec	http://purl.org/security#
psh	http://psh.techlib.cz/skos/
rpubl	http://rinfo.lagrummet.se/ns/2008/11/rinfo/publ#
rating	http://www.tvblob.com/ratings/#
mygrid	http://www.mygrid.org.uk/ontology#
xch	http://oanda2rdf.appspot.com/xch/
wikipedia	http://www.systemone.at/2006/03/wikipedia#
gbv	http://purl.org/ontology/gbv/
frbrcore	http://purl.org/vocab/frbr/core#
madsrdf	http://www.loc.gov/mads/rdf/v1#
frir	http://purl.org/twc/ontology/frir.owl#
fc	http://www.freeclass.eu/freeclass_v1#
places	http://purl.org/ontology/places#
georss	http://www.georss.org/georss/
viskov	http://trust.utep.edu/visko/ontology/visko-view-v3.owl#
infosys	http://www.infosys.com/
pois	http://purl.oclc.org/POIS/vcblr#
cheminf	http://www.semanticweb.org/ontologies/cheminf.owl#
cdm	http://purl.org/twc/ontology/cdm.owl#
b2rpubchem	http://bio2rdf.org/ns/ns/ns/pubchem#
vdpp	http://data.lirmm.fr/ontologies/vdpp#
chebi	http://bio2rdf.org/chebi:
gnd	http://d-nb.info/gnd/
bcnbio	http://datos.bcn.cl/ontologies/bcn-biographies#
dwc	http://rs.tdwg.org/dwc/terms/
rdfdata	http://rdf.data-vocabulary.org/rdf.xml#
pf	http://jena.hpl.hp.com/ARQ/property#
granatum	http://chem.deri.ie/granatum/
dbptmpl	http://dbpedia.org/resource/Template:
harrisons	http://harrisons.cc/
viskoo	http://trust.utep.edu/visko/ontology/visko-operator-v3.owl#
datafaqs	http://purl.org/twc/vocab/datafaqs#
htir	http://www.w3.org/2011/http#
c4dm	http://purl.org/NET/c4dm/event.owl#
daiaserv	http://purl.org/ontology/daia/Service/
blt	http://data.bl.uk/schema/bibliographic#
sdmxdim	http://purl.org/linked-data/sdmx/2009/dimension#
cbase	http://ontologycentral.com/2010/05/cb/vocab#
identity	http://purl.org/twc/ontologies/identity.owl#
italy	http://data.kasabi.com/dataset/italy/schema/
jita	http://aims.fao.org/aos/jita/
transit	http://vocab.org/transit/terms/
calli	http://callimachusproject.org/rdf/2009/framework#
arecipe	http://purl.org/amicroformat/arecipe/
grs	http://www.georss.org/georss/
bcncon	http://datos.bcn.cl/ontologies/bcn-congress#
#google	???
acco	http://purl.org/acco/ns#
moby	http://www.mygrid.org.uk/mygrid-moby-service#
#all	???
np	http://www.nanopub.org/nschema#
prf	http://www.openmobilealliance.org/tech/profiles/UAPROF/ccppschema-20021212#
nuts	http://nuts.psi.enakting.org/id/BE335/doc/
osukdt	http://www.ordnancesurvey.co.uk/ontology/Datatypes.owl#
recipe	http://linkedrecipes.org/schema/
#xml	???
wp	http://vocabularies.wikipathways.org/
swpatho	http://swpatho.ag-nbi.de/context/meta.owl#
rdamedia	http://rdvocab.info/termList/RDAMediaType/
protegedc	http://protege.stanford.edu/plugins/owl/dc/protege-dc.owl#
omapi	http://purl.org/omapi/0.2/#
#sitemap	???
example	http://www.example.org/rdf#
vsw	http://verticalsearchworks.com/ontology/
webbox	http://webbox.ecs.soton.ac.uk/ns#
tblcard	http://www.w3.org/People/Berners-Lee/card#
vvo	http://purl.org/vvo/ns#
efo	http://www.ebi.ac.uk/efo/
rdacarrier	http://rdvocab.info/termList/RDACarrierType/
eunis	http://eunis.eea.europa.eu/rdf/species-schema.rdf#
#porn	???
nsogi	http://prefix.cc/nsogi:
ocd	http://dati.camera.it/ocd/
func	http://www.w3.org/2007/rif-builtin-function#
#demiblog	???
s2s	http://escience.rpi.edu/ontology/sesf/s2s/2/0/
wfdesc	http://purl.org/wf4ever/wfdesc#
pro	http://purl.org/hpi/patchr#
#bif	???
xlink	http://www.w3.org/1999/xlink/
muto	http://purl.org/muto/core#
wsc	http://www.openk.org/wscaim.owl#
d2r	http://sites.wiwiss.fu-berlin.de/suhl/bizer/d2r-server/config.rdf#
wscaim	http://www.openk.org/wscaim.owl#
ends	http://labs.mondeca.com/vocab/endpointStatus#
#blog	???
isbd	http://iflastandards.info/ns/isbd/elements/
voidp	http://www.enakting.org/provenance/voidp/
#review	???
puelia	http://kwijibo.talis.com/vocabs/puelia#
#tw	???
metalex	http://www.metalex.eu/metalex/2008-05-02#
tcga	http://purl.org/tcga/core#
ipad	http://www.padinthecity.com/
ssn	http://www.w3.org/2005/Incubator/ssn/ssnx/ssn#
goef	http://purl.org/twc/vocab/goef#
#dpbr	???
#pr0n	???
geom	http://geovocab.org/geometry#
#rd	???
lv	http://lobid.org/vocab/lobid#
npg	http://ns.nature.com/terms/
#anzo	???
#purl	???
vsr	http://purl.org/twc/vocab/vsr#
#n3	???
xkos	http://purl.org/linked-data/xkos#
kupkb	http://www.e-lico.eu/data/kupkb/
fise	http://fise.iks-project.eu/ontology/
#person	???
#trix	???
lexvo	http://lexvo.org/ontology#
cerif	http://spi-fm.uca.es/neologism/cerif#
ospost	http://data.ordnancesurvey.co.uk/ontology/postcode/
pol	http://escience.rpi.edu/ontology/semanteco/2/0/pollution.owl#
#category	???
aerols	http://xmlns.com/aerols/0.1/
#html	???
pna	http://data.press.net/ontology/asset/
cts2	http://schema.omg.org/spec/CTS2/1.0/
rda	http://rdvocab.info/elements/
marcrel	http://id.loc.gov/vocabulary/relators/
#term	???
#foo	???
lr	http://linkedrecipes.org/schema/
carfo	http://purl.org/carfo#
#index	???
#likes	???
pne	http://data.press.net/ontology/event/
mohammad	http://manesht.ir/
ogorg	http://opengraph.org/schema/
prviv	http://purl.org/net/provenance/integrity#
fl	http://eulersharp.sourceforge.net/2003/03swap/fl-rules#
#svg	???
#sql	???
cis	http://purl.org/NET/cloudisus#
enhancer	http://stanbol.apache.org/ontology/enhancer/enhancer#
#cml	???
rdacontent	http://rdvocab.info/termList/RDAContentType/
#mime	???
#ftp	???
#abr	???
vapour	http://vapour.sourceforge.net/vocab.rdf#
#sw	???
#ge	???
#foafgeo	???
hg	http://www.holygoat.co.uk/owl/redwood/0.1/tags/
#owl2	???
vsws	http://verticalsearchworks.com/ontology/synset#
wbc	http://worldbank.270a.info/classification/
#xsi	???
omv	http://omv.ontoware.org/2005/05/ontology#
rdrel	http://rdvocab.info/RDARelationshipsWEMI/
scufl2	http://ns.taverna.org.uk/2010/scufl2#
wbp	http://worldbank.270a.info/property/
#imgn	???
#iso	???
#type	???
#aowl	???
cogs	http://vocab.deri.ie/cogs#
#ev	???
#cl	???
#meshr	???
#hat	???
#map	???
#mailto	???
#dcmi	???
oboe	http://ecoinformatics.org/oboe/oboe.1.0/oboe-core.owl#
#nana	???
#sk	???
#foa	???
ql	http://www.w3.org/2004/ql#
muni	http://purl.org/ontology/muni#
#veg	???
#opencyc	???
#isbn	???
onssprel	http://www.ordnancesurvey.co.uk/ontology/SpatialRelations/v0.2/SpatialRelations.owl#
poder	http://poderopedia.com/vocab/
#fast	???
#ow	???
#eswc	???
#icaltzd	???
#loaf	???
#xbrl	???
#sf	???
#xh	???
#mm	???
#lucene	???
#ol	???
oac	http://www.openannotation.org/ns/
#imdb	???
#ce	???
#kwiji	???
#comic	???
#dd	???
#ttp	???
#rdfss	???
#def	???
#info	???
#rob	???
#dbpedia2	???
#ruleml	???
#rfds	???
#rc	???
rdagr1	http://rdvocab.info/Elements/
#vo	???
#le	???
#bar	???
fls	http://lukasblaho.sk/football_league_schema#
rec54	http://www.w3.org/2001/02pd/rec54.rdf#
#kwi	???
#sgae	???
#json	???
#langware	???
#fwfwef	???
#soc	???
#cmg	???
#vcal	???
#nid	???
#ds	???
#in	???
pay	http://purl.org/commerce/payment#
#fo	???
#csv	???
#www	???
#trunk	???
#abstract	???
#dt	???
#txt	???
#resourc	???
#rat	???
#terms	???
#sdf	???
#cios	???
#town	???
#voi	???
#nap	???
#pow	???
#xslt	???
#openvocab	???
#cid	???
#food	???
#revrevrevr	???
#semsl	???
#cme	???
#visit	???
#testx	???
#aii	???
#load	???
arg	http://rdfs.org/sioc/argument#
#konfidi	???
#foafx	???
#logan	???
#retail	???
#x3d	???
#animal	???
#creator	???
#xpath	???
#river	???
#wl	???
#wolf	???
#back	???
#xxx	???
#tmdm	???
#extn	???
#double	???
#ter	???
#dctitle	???
#erratic	???
#clim	???
#dbont	???
#ianalink	???
#b2r	???
#cw	???
pccz	http://purl.org/procurement/public-contracts-czech#
prism21	http://prismstandard.org/namespaces/basic/2.1/
#ctags	???
#capital	???
#bs	???
#solcrux	???
#mb	???
#ai	???
#sxsd	???
#marcont	???
#hello	???
#isa	???
#owlx	???
#ini	???
#yayo	???
#country	???
#lore	???
#scoo	???
#powd	???
#skot	???
#wgs84geo	???
#scov	???
#gaul	???
#swn	???
#xvh	???
#date	???
wkd	http://schema.wolterskluwer.de/
#wolfe	???
#katherine	???
#near	???
#resour	???
#turtle	???
#dbc	???
#dataview	???
#weather	???
#dfsdf	???
#powed	???
#agrovoc	???
#iana	???
#close	???
#epx	???
npgd	http://ns.nature.com/datasets/
life	http://life.deri.ie/schema/
ncbitaxon	http://purl.org/obo/owl/NCBITaxon#
#siocterms	???
#road	???
#powe	???
#redf	???
#ofaf	???
#xxxx	???
#sko	???
#assert	???
#fips	???
#n3d	???
#swan	???
#cmd	???
#xx	???
#upm	???
#mp3	???
#biopax	???
#soic	???
#delete	???
#bioont	???
#xlw	???
#range	???
#mathml	???
#ax	???
#syc	???
#sdp	???
#lda	???
r2rml	http://www.w3.org/ns/r2rml#
#kontakthtt	???
#city	???
#xmls	???
#plain	???
#kwijib	???
#fgt	???
#shortcut	???
#xhtlm	???
#nhie	???
#tom	???
#world	???
#red	???
#xmlschema	???
#imd	???
#bi	???
#wknl	???
#wott	???
#company	???
#ianarel	???
#project	???
#premis	???
npgg	http://ns.nature.com/graphs/
fcm	http://eulersharp.sourceforge.net/2006/02swap/fcm#
#friend	???
#lattes	???
#dcty	???
#randomqb	???
#sensor	???
#title	???
#resou	???
#geowgs84	???
#image	???
#omim	???
#composite	???
#scioc	???
#ep	???
#vocab	???
#tegula	???
#https	???
#ttt	???
#xmlns	???
#envinfo	???
#did	???
#frdf	???
#dii	???
#homepage	???
#examplethe	???
#rss2	???
#cmf	???
#school	???
#usgovt	???
#changeset	???
#primi	???
#xlwrap	???
#xst	???
#claros	???
#picasa	???
#df	???
#rbib	???
#xht	???
#xhtmlvoc	???
#sbo	???
#eurostat	???
#gpx	???
#apf	???
#van	???
#config	???
#wgs84pos	???
#oegov	???
#revyu	???
#ns0	???
#foobar	???
#crc	???
#mesh	???
#language	???
#help	???
#locate	???
#bea	???
#egov	???
#owlk	???
#revy	???
#iso2	???
#httpv	???
#orgrep	???
#olw	???
#cmh	???
#singer	???
#pw	???
#lic	???
#salut	???
#bm	???
#xasd	???
dive	http://scubadive.networld.to/dive.rdf#
#dcc	???
#dpb	???
#lexinfo	???
#prefix	???
#location	???
#test4	???
#skos2	???
#cms	???
#prvtype	???
#twitter	???
#highway	???
#test1	???
#drop	???
#please	???
#stdm	???
#photo	???
#wn20	???
#jps	???
#bbc	???
#fin	???
#rdfschema	???
#mvcm	???
#uf	???
#interval	???
#cen	???
#discogs	???
#test5	???
#powede	???
#img	???
#test3	???
#library	???
#virtrdf	???
#knows	???
#ns	???
#ec	???
#sile	???
#pepe	???
#proton	???
#xmi	???
#linkeddata	???
#svn	???
#works	???
#open	???
#license	???
#dctypes	???
#pkm	???
#rdfn3	???
#sedfsd	???
#dpr	???
#jdl	???
#sos	???
#multi	???
lctr	http://data.linkedct.org/vocab/resource/
#foafl	???
#sarest	???
#cd	???
#wang	???
#fx	???
#dp	???
#ns13	???
#faun	???
#pim	???
#pingback	???
#rsscontent	???
#mc	???
#xoev	???
#rdl	???
#rs	???
#fbase	???
#wgc84	???
#id	???
#comment	???
#mil	???
#sub	???
#moi	???
#humans	???
#cap	???
#compound	???
#property	???
#ani	???
#longitude	???
#education	???
#message	???
#suny	???
#lmf	???
#bp	???
#qs	???
#hm	???
#gov	???
#de	???
#tf	???
#hot	???
#latitude	???
#rddf	???
#arpfo	???
#dg	???
#artist	???
#sprache	???
#misc	???
#dbpo	???
#sameas	???
#pml	???
#nxu	???
#silefs	???
#kd	???
#mw	???
#annot	???
#vid	???
#vc	???
#genre	???
#stuff	???
#foafrdf	???
#wam	???
#seealso	???
#dublincore	???
#fred	???
#skso	???
#csd	???
#nba	???
#testa	???
#author	???
#dbpr	???
#nyse	???
#riese	???
#asa	???
#workflow	???
#inter	???
#dis	???
#plays	???
#swap	???
#helloworld	???
#dce	???
#scos	???
#me	???
#pdf	???
#dolce	???
#talis	???
#gdf	???
#patch	???
#xdt	???
#dq	???
#occult	???
#bookmashup	???
#amsterdam	???
#foafperson	???
#class	???
#vevent	???
#mov	???
#httpe	???
#email	???
#opoactions	???
#wi	???
#shk	???
#mtag	???
#rdffs	???
#lod	???
#zhuoerwang	???
#smw	???
#course	???
#rdfsns	???
#genesis	???
#symantec	???
#ddms	???
#pt	???
#friends	???
#rm	???
#icalzdt	???
#ime	???
#causation	???
#skkos	???
#semsna	???
#dfdfsdf	???
#pubchem	???
#dcterrms	???
#asdf	???
#state	???
#ccc	???
#foad	???
#acita	???
#cabig	???
#vivoweb	???
#acronym	???
#wpen	???
#rico	???
#iqv	???
#foaf55	???
#icaltz	???
#same	???
#css	???
#pdb	???
#fr	???
#webarch	???
#reds	???
#skis	???
#wtf	???
#contac	???
#eowl	???
#micha1	???
#chess	???
#mrdl	???
#fs	???
#sprint	???
#socialml	???
#aat	???
#mass	???
#computer	???
#doa	???
#snomed	???
eprints	http://eprints.org/ontology/
#n0pred	???
#calendar	???
#swrcext	???
#rrr	???
#dbpres	???
#baetle	???
#cern	???
#sfc	???
#dfs	???
#stats	???
#wk	???
#lol	???
#isct	???
#foafnew	???
#exif2000	???
#papi	???
#artsdb	???
#sex	???
#annotea	???
#virt	???
#ssv	???
#ss	???
#sarkozy	???
#skod	???
#icom	???
#foafopm	???
#sumo	???
#beer	???
#du	???
#obi	???
#hevent	???
#scoville	???
#rds	???
#xmp	???
#libary	???
#contains	???
#tp	???
#sxd	???
#people	???
#wiki	???
#swarch	???
#bibocto	???
#point	???
#scada	???
#stat	???
#dcte	???
#dpedia	???
#chem	???
#msg	???
#energy	???
#uns	???
#price	???
#noexiste	???
#anc	???
#zxd	???
#larkc	???
#scr	???
#astronomy	???
#ast	???
#wa	???
#research	???
#hmedia	???
#rate	???
#uberblic	???
#translate	???
#hom	???
#call	???
#related	???
#vcarddc11	???
#aboutindex	???
#simile	???
#gem	???
#blah	???
#booo	???
#pred	???
#ordnance	???
#color	???
#semic	???
#jeromedl	???
#dm	???
#yyzhou	???
#ei	???
#as	???
#gtbnkgh	???
#m3o	???
#neo	???
#otn	???
#student	???
#naptan	???
#flash	???
#pronto	???
#dcindex	???
#ho	???
#commontag	???
#dbproperty	???
#court	???
#col	???
#vigilance	???
#rares	???
#cidoc	???
#loasd	???
#dso	???
#bioportal	???
#tweet	???
#youtube	???
#mega	???
#wsg84	???
#file	???
#thalia	???
#pront	???
#viaf	???
#smith	???
#dctt	???
#doaml	???
#ymedia	???
#que	???
#huh	???
#micha	???
#store	???
#tekniker	???
#fdiez	???
#gx	???
#gpxx	???
#remusz	???
#geop	???
#icalzd	???
#nw	???
#pub	???
#bex	???
#voc	???
#goes	???
#parent	???
#geoname	???
#swoogle	???
#copac	???
#raw	???
r4ta	http://ns.inria.fr/ratio4ta/v1#
#spac	???
#foafs	???
#dbedia	???
#hdp	???
#sfo	???
#top	???
#mmi	???
#theater	???
#kdsna	???
#wsb	???
#xquery	???
#saop	???
#upf	???
#vi	???
#orgf	???
#proj	???
#eventws	???
#markytka	???
#up	???
#centi	???
#pav	???
sdgp	http://stats.data-gov.ie/property/
#icaldtz	???
#ltool	???
#rubric	???
#rsfs	???
#popula	???
#ogov	???
#law	???
#nofollow	???
#tengwar	???
#encoding	???
#vehicle	???
#ecademy	???
#pb	???
#antisocial	???
#vm	???
#news	???
#owltime	???
#omdoc	???
#intelweb	???
#steven	???
#libris	???
#graph	???
#science	???
#sct	???
#colour	???
#species	???
#rgi	???
#dcic	???
#perfix	???
#uduvudu	???
#weblog	???
#holiday	???
#biomed	???
#wsg	???
#fdsfdsfdsf	???
#chile	???
#iso8601	???
#dpd	???
#weblab	???
#midpoint	???
#dop	???
#eon	???
#rdfcal	???
#history	???
#festival	???
#genid	???
#domain	???
#weavej3	???
#cb	???
#titanic	???
#data	???
#autho	???
#flashvideo	???
#pm	???
#chemistry	???
#rng	???
#asdfasdf	???
#freebsd	???
#dbin	???
#aaa	???
#nntp	???
#fd	???
#leo	???
marl	http://purl.org/marl/ns#
#niew	???
#myns	???
#begin	???
#localhost	???
#datacube	???
germplasm	http://purl.org/germplasm/terms#
#swrltab	???
#dbponto	???
#sip	???
#instances	???
#fao	???
#labels	???
#om	???
#viskos	???
#mail	???
#airports	???
#xxxlxxx	???
#xsdanyurl	???
#gi	???
#devi	???
#mid	???
#access	???
#doapn3	???
#man	???
#dav	???
#vum	???
#h323	???
#dataub	???
#idobj	???
#sioctype	???
#facebook	???
#ny	???
#esg	???
#iris	???
#gexf	???
#foadsdf	???
#im	???
#rtsp	???
#opvm	???
#pubmed	???
#abou	???
#eo	???
#musician	???
#biz	???
#elements	???
#chojnice	???
#dctersm	???
#dppedia	???
#afs	???
#nfs	???
cao	http://purl.org/makolab/caont/
#word	???
#politicio	???
#xsdl	???
#mrf	???
#sociopath	???
#sweet	???
#javam	???
#dim	???
#acap	???
#msrp	???
#voiud	???
#spatialrel	???
#edf	???
#atcult	???
#ls	???
#htp	???
#machine	???
#phone	???
#expensive	???
#dbonto	???
#unintended	???
#sioooc	???
#lhttp	???
#ldow	???
#mailserver	???
#pop	???
#telnet	???
#rq	???
#esgf	???
#wine	???
#mets	???
#med	???
#spleen	???
#fdsgsagdsa	???
#bkz	???
#localhos	???
#aaas	???
#shttp	???
#dec	???
#site	???
#wgss	???
#born	???
#resume	???
#swe	???
#rdflabel	???
#facility	???
#ynews	???
#member	???
#vf	???
#vfddadasd	???
#lo	???
#trin	???
#intersects	???
#forename	???
#wim	???
#url	???
#dbrec	???
#jena	???
#guitar	???
#usbill	???
#admire	???
#print	???
#sawp	???
#n3s	???
#put	???
#wrds	???
#nurse	???
#landsat	???
#topo	???
#hobby	???
#vacrd	???
#ns1	???
#iptc	???
#dictonary	???
#goog	???
#service	???
#geos	???
#gs	???
#fax	???
#qd	???
#move	???
#sdmxcode	???
#somestuff	???
#nyt	???
#privacy	???
#politic	???
#dc10	???
#lemon	???
#crmo	???
#xtype	???
#cluug	???
#dbtropes	???
#geometry	???
#nasa	???
#ab	???
#synopsis	???
#pmc	???
#tel	???
#fafag	???
#protont	???
#quote	???
#spec	???
#question	???
#linkedc	???
#si	???
#udc	???
#any	???
#health	???
#respect	???
#msd	???
#ssg	???
#opengraph	???
#sxml	???
#dci	???
#sst	???
#ens	???
#app	???
#pack	???
#modem	???
#tftp	???
#rdfgeom2d	???
#biography	???
#area	???
#see	???
#loco	???
#en	???
#yhttp	???
#rpl	???
#faof	???
#onto	???
#kiss	???
#geod	???
#nex	???
#mobisem	???
#ueberblic	???
#page	???
#group	???
#hotel	???
#inrdf	???
#woo	???
#sns	???
#subject	???
#year	???
#dcelements	???
#eont	???
#magic	???
#census	???
#mui	???
#universe	???
#bpm	???
#aco	???
#trt	???
#landmap	???
#satellite	???
#thea	???
#cieux	???
#cancer	???
#books	???
#ff	???
#wrd	???
#lfs	???
#olap	???
#child	???
#crid	???
#gopher	???
#mupdate	???
#dnrdf	???
#nlp	???
#lon	???
#api	???
#trust	???
#eot	???
#snap	???
#rdms	???
#gi2mo	???
#aca	???
#lud	???
#bench	???
#election	???
#agua	???
#meeting	???
#epa	???
#joenash	???
#lives	???
#position	???
#pres	???
#snmp	???
#ns19	???
#adobe	???
#ddi	???
#website	???
#playlist	???
#uefa	???
#datatype	???
#deep	???
#foat	???
#album	???
#bitcache	???
#cpr	???
#pode	???
#madeup	???
#add	???
#lgdp	???
#to	???
#foag	???
#bfo	???
#vracore4	???
#dcelement	???
#xoxo	???
#dao	???
#grrrrr	???
#ankara	???
#icap	???
#imap	???
#ipp	???
#tip	???
#similarity	???
#ubmed	???
#ful	???
#rdsf	???
#smo	???
#doi	???
#lookatme	???
#lct	???
#caltzd	???
#task	???
#lcsh	???
#apsd	???
#x509	???
#imam	???
#jonlittler	???
#vfd	???
#localho	???
#dublin	???
#dcerms	???
#ofx	???
#arisem	???
#eur	???
#agh	???
#film	???
#podcast	???
#ucum	???
#wmd	???
#fv	???
#dns	???
#wsdl	???
#be	???
#dvminh	???
#auth	???
#scala	???
#dpo	???
#publisher	???
#evon	???
#isoco	???
#translator	???
#lice	???
#remu	???
#genabnor	???
#genome	???
#asd	???
#properties	???
#atm	???
#dcs	???
#testb	???
#ginseng	???
#feigenbaum	???
#skow	???
#love	???
#default95	???
#ra	???
#grammar	???
#flu	???
#slos	???
#javap	???
#mou	???
#diligent	???
#sysong	???
#dict	???
#jamendo	???
#whp	???
#coke	???
#foar	???
#relate	???
#rfd	???
#sensorml	???
#sqwrl	???
#politics	???
#guy	???
#ar	???
#partof	???
#op	???
#llomp	???
#nikon	???
#dbpediao	???
#acd	???
#haus	???
#dces	???
#ordsurvey	???
#scio	???
#webtla	???
#olb	???
#efoaf	???
#ncbi	???
#hhttp	???
#fiaf	???
#wcard	???
#ll	???
#var	???
#goe	???
#job	???
#msrps	???
#long	???
#env	???
#somelong	???
#alocom	???
#inf	???
#biology	???
#siocoo	???
#orf	???
#stream	???
#srgs	???
#foafrdfs	???
#darn	???
#qif	???
#mea	???
#dbt	???
#interest	???
#tc	???
#socio	???
#dbpont	???
#invoice	???
#elect	???
#gaf	???
#zemanta	???
#mtqp	???
#sips	???
#tv	???
#element	???
#vegetarian	???
#greater	???
#dbdprop	???
#trans	???
#cas	???
#conference	???
#amazon	???
#probos	???
#bc	???
#babu	???
#osmp	???
#doofi	???
#loca	???
#swrlx	???
#philo	???
#kennedy	???
#chefmoz	???
#lls	???
#ldfs	???
#monthof	???
#meal	???
#linuxcnc	???
#layar	???
#locah	???
#videotex	???
#vemmi	???
#xmpp	???
#owlsa	???
#knowsfoaf	???
#hilbrink	???
#letter	???
#dddd	???
#collect	???
#mag	???
#zitgist	???
#director	???
#dbpaedia	???
#ess	???
#adress	???
#scp	???
#ibsen	???
#dictionary	???
#ld	???
#rfdf	???
#mbox	???
#hgtags	???
#leclaque	???
#linkmdb	???
#iax	???
#snews	???
#ebucore	???
#osagosag	???
#groundhog	???
#arrabal	???
#metric	???
#reread	???
#davfoaf	???
#local	???
#sale	???
#xmdr	???
#uberbilc	???
#pod	???
#vracoire	???
#bo	???
#ramon	???
#rdfakt	???
#anoe	???
#prospero	???
#gnrdf	???
dpl	http://dbpedialite.org/things/
#vis	???
#kjhaskdj	???
#siocs	???
#hggg	???
#synonym	???
#htt	???
#portal	???
#surinam	???
#equipment	???
#sg	???
#format	???
#reo	???
#aisso	???
#osm	???
#fm	???
#vchar	???
#pti	???
#titlerdfs	???
#recof	???
#docom	???
#aktor	???
#vra	???
#vracore	???
#geographic	???
#jdijd	???
#scourt	???
#ukpmc	???
#tree	???
#dimension	???
#tn3270	???
#wais	???
#disclaimer	???
#akfkafk	???
#dqm	???
#incubator	???
#refinder	???
#integerate	???
#bbcevent	???
#gtag	???
#krextor	???
#rdforms	???
#mfu	???
#vt	???
#gwn	???
#dcr	???
#scout	???
#nif	???
#ngd	???
#dtn	???
#gw	???
#john	???
#reddco	???
#rpa	???
#gre	???
#jo	???
#india	???
#anti	???
#falcons	???
#httprdf	???
#exist	???
#pnd	???
#gene	???
#lrdfs	???
#dish	???
#datacenter	???
#patterm	???
#subclass	???
#gsp	???
#un	???
#gf	???
#robot	???
#base	???
rssynd	http://web.resource.org/rss/1.0/modules/syndication/
#ffoaf	???
#pharmgkb	???
#wsmo	???
#gui	???
#uuid	???
#syson	???
#travel	???
#dcn3	???
#dahut	???
#mediation	???
#rn	???
#msm	???
#grounding	???
#bio2	???
#business	???
#update	???
#topic	???
#heo	???
#statistics	???
#sdsads	???
#birthday	???
#copmv	???
#rhttp	???
#ridicule	???
#pizza	???
#post	???
eumida	http://data.kasabi.com/dataset/eumida/terms/
#stw	???
#accounting	???
#tagging	???
#sajib	???
#sysonf	???
#xls	???
#emotion	???
#vehicles	???
#titech	???
#javapr	???
#src	???
#w3c	???
#prefecture	???
#pa	???
#mods	???
#tyhttp	???
#yago2	???
#patchr	???
#gggg	???
#dbpe	???
#ldbpprop	???
#design	???
#lab	???
#oan	???
#wol	???
#ssb	???
#the	???
#seshu	???
#sico	???
#age	???
#cat	???
#programmes	???
#idiom	???
#nrdf	???
#nbrdf	???
#boag	???
#gok	???
#node	???
#onix	???
#srf	???
#dcternms	???
#dbowl	???
#odmrd	???
#page3	???
#dbpedi	???
#dbped	???
#identifier	???
#part	???
#microsoft	???
#dssn	???
#ffff	???
#impressum	???
#jobs	???
#geospatial	???
#geontology	???
#foaflobid	???
#dub	???
#periodic	???
#own	???
#mview	???
#face	???
#breast	???
#ara	???
#gumo	???
#bro	???
#ontom	???
#dbpdia2	???
#zs	???
#max	???
#afdsafasf	???
#cdwa	???
#mads	???
#ogc	???
#infrdf	???
#infordf	???
#haha	???
#xalan	???
#iwf	???
#swivf	???
#owms	???
#dbpedoa	???
#gallery	???
#xd	???
#scoma	???
#fby	???
#lmap	???
#ags	???
#rdagr2	???
#tisc	???
#gaestebuch	???
#alksdjf	???
#edu	???
#per	???
#tr	???
#ext	???
#esdt	???
#sesoa	???
#dfsdkfjshd	???
#wsg64	???
#exf	???
#svu	???
#lat	???
#mdv	???
#hcal	???
#fabric	???
#pur	???
#skype	???
#ebugs	???
#rdfhttp	???
#flickr	???
#lov	???
#httrdf	???
#drdf	???
#irdf	???
#dcmiterm	???
#rdfvocab	???
#gokhan	???
#soydan	???
#esra	???
#cnn	???
#aid	???
#scam	???
#xsf	???
#skoss	???
#sskoss	???
#spatila	???
#maus	???
#trou	???
#textgrid	???
#noticias	???
#opms	???
#yag	???
#destinty	???
#lin	???
#page26	???
#aboutus	???
#oel	???
#dioc	???
#htstha	???
#side	???
#hthttp	???
#som	???
#vacancy	???
#naoo	???
#rdfslabel	???
#cia	???
#br	???
#regi	???
#rdvocab	???
#js	???
#crowd	???
#siocc	???
#personne	???
#addr	???
#rdlabel	???
#amoi	???
#projects	???
#revision	???
#calbc	???
#scho	???
#civc	???
#mebase	???
#gno	???
#bcodmo	???
#bisness	???
#program	???
#um	???
#nprov	???
#cz	???
#rdhttp	???
#thttp	???
#typehttp	???
#dctemrs	???
#dnbrdf	???
#grdf	???
#gndrdf	???
#mdr	???
#sgu	???
#voem	???
#gsoydan	???
#medical	???
#topology	???
#pegi	???
#cdtype	???
#sam	???
#dtyp	???
#ppn	???
#nyx	???
#pets	???
#lan	???
#biocarta	???
#page2	???
#faq	???
#sports	???
#github	???
#tpl	???
#obituaries	???
#recepice	???
#scsp	???
#supra	???
#por	???
#rda2	???
#oof	???
#vcasrd	???
#targethttp	???
#tarhttp	???
#movi	???
#zbw	???
#stts	???
#deri	???
#genea	???
#learning	???
#tron	???
#it	???
#cxh	???
#st	???
#login	???
#curie	???
#nice	???
#mda	???
#dbpcat	???
#nearby	???
#rfs	???
#lookup	???
#provo	???
#bookstore	???
#dtc	???
#police	???
#source	???
#recipes	???
#ru	???
#popular	???
#concept	???
#esdp	???
#thesaurus	???
#ln	???
#rdfrdfs	???
#lido	???
#typhttp	???
#hrdf	???
#htrdf	???
#tdcat	???
#dom	???
#text	???
#xdmp	???
#skios	???
#nodes	???
#rdfds	???
#orboro	???
#xdas	???
#scm	???
#entrez	???
#z3986	???
#ja	???
#page9	???
#opmvcommon	???
#qallme	???
#frbroo	???
#hure	???
#pers	???
#myx	???
#sws	???
#aboutme	???
#hsyjsyjsy	???
#fofa	???
#wb	???
#links	???
#nicetag	???
#qutd	???
#dbpediaow	???
#rss10	???
#sy	???
#locatedin	???
#soton	???
#ontology	???
#ospc	???
#y1ttp	???
#sihhkjhkj	???
#device	???
#object	???
#nemo	???
#fts	???
#serv	???
#edamo	???
#doop	???
#eam	???
#ols	???
#prop	???
#erawr	???
#asset	???
#wlan	???
#royalvegas	???
#lgdr	???
#affiliate	???
#esi	???
#shop	???
#als	???
#mlst	???
#shos	???
#ckan	???
#sapce	???
#launch	???
#geont	???
#geonto	???
#geontol	???
#geontolo	???
#ago	???
#reliant	???
#aksw	???
#dcterns	???
#owlsw	???
#reegle	???
#licence	???
#rdgf	???
#transport	???
#temporal	???
#tiff	???
#sinfo	???
#kos	???
#skb	???
#osspatial	???
#toto	???
#tax	???
#usdl	???
#twcid	???
#pco	???
#niem	???
#srcsp	???
#judo	???
#typon	???
#article	???
#th	???
#team	???
#ralph	???
#util	???
#sem	???
#sskos	???
#technology	???
#xp	???
#dde	???
#table	???
#tour	???
#xfoaf	???
#tg	???
#wikilink	???
#esperanto	???
#goodwin	???
#webid	???
#strin	???
#tourist	???
#origen	???
#trip	???
#storm	???
#feature	???
#dcl	???
#grr	???
#grrr	???
#voap	???
#vaep	???
#drf	???
#archive	???
#page1	???
#page25	???
#page7	???
#opinions	???
#hiper	???
#gop	???
#fop	???
#marine	???
#of	???
#tt	???
#apple	???
#ehttp	???
#agris	???
#tiger	???
#libro	???
#truc	???
#nmm	???
#hcls	???
#result	???
#mlr	???
#physics	???
#mygridmoby	???
#register	???
#offo	???
#oly	???
#process	???
#mbz	???
#siocac	???
#vb	???
#university	???
#whisky	???
#integer	???
#currency	???
#geon	???
#ego	???
#afraid	???
#kedct	???
#nkedct	???
#ts	???
#sorg	???
#punkt	???
#blumauer	???
#mimetypes	???
#foaf1	???
#posm	???
#svf	???
#logd	???
#planet	???
#lexo	???
#zsh	???
#metadata	???
#mlo	???
#sro	???
#cities	???
#jt	???
#pad	???
#ikke	???
#rosm	???
#photordf	???
#uci	???
#xslfo	???
#parl	???
#skxl	???
#tpc	???
#foafdct	???
#suff	???
#keg	???
#rulez	???
#siocaccess	???
#siocacs	???
#receipt	???
#skill	???
#seemp	???
#reso	???
#pointer	???
#measure	???
#error	???
#medicare	???
#ptn	???
#nto	???
#scc	???
#ont	???
#ulb	???
#doid	???
#nerd	???
#software	???
#knos	???
#sno	???
#government	???
#reve	???
#ufo	???
#slowfood	???
#kasabi	???
#payments	???
#dados	???
#opening	???
#cool	???
#soupa	???
#expo	???
#cad	???
#prim	???
#ud	???
#rdfatom	???
#nsl	???
#provenance	???
#padfile	???
#hier	???
#swo	???
#oa	???
#about	???
#das	???
#stos	???
#sdb	???
#restdesc	???
#taxon	???
#acti	???
#polygon	???
#sau	???
#gala	???
#home	???
#page24	???
#restaurant	???
#decterms	???
#esports	???
#xrdf	???
#osp	???
#tgp	???
#blp	???
#uto	???
#endhttp	???
#enhttp	???
#targehttp	???
#targhttp	???
#tahttp	???
#httphttp	???
#htthttp	???
#scobvo	???
#times	???
#multext	???
#venn	???
#an	???
#database	???
#mobile	???
#edmo	???
#sequence	???
#newsletter	???
#owll	???
#wifi	???
#trons	???
#xrg	???
#family	???
#determs	???
#owlp	???
#wgs94	???
#brainz	???
#waiver	???
#genont	???
#vocabulary	???
#affymetrix	???
#tx	???
#kegg	???
#refs	???
#dulce	???
#pic	???
#historic	???
#edct	???
#inkedct	???
#calandar	???
#bibilo	???
#ect	???
#tso	???
#tna	???
#subclassof	???
#friar	???
#placs	???
#foaf2	???
#reeglee	???
#md	???
#ossr	???
#crpt	???
#oowl	???
#bitcoin	???
#pext	???
#sioo	???
#stri	???
#mpeg	???
#pnc	???
#dists	???
#faxcore	???
#even	???
#sparqlhttp	???
#online	???
#twr	???
#pnt	???
#rcc8	???
#utm	???
#iso639a2	???
#pbcore	???
#lubm	???
#paw	???
#xlp	???
#jkc	???
#display	???
#jsp	???
#xaml	???
#teacher	???
#exc	???
#xcri	???
#residence	???
#spre	???
#odc	???
#viod	???
#vin	???
#emplyer	???
#employer	???
#test123	???
#eclass	???
#datavoc	???
#sadiont	???
#mms	???
#pwl	???
#uv	???
#xmprights	???
#cycl	???
#kk	???
#skosx	???
#xskos	???
#bibio	???
#ctagm	???
#bl	???
#kwa	???
#wgs804	???
#wgs908	???
#rescon	???
#atomrdf	???
#rad	???
#foan	???
#xsd2	???
#lingvoh	???
#vw	???
#dbpediaont	???
#rlz	???
#rdsfs	???
#rsql	???
#towel	???
#bug	???
#fma3	???
#npo	???
#pointers	???
#change	???
#wn30	???
#wn16	???
#mirko	???
#sfn	???
#dbtune	???
#pv	???
#omgeo	???
#openk	???
#sun	???
#cylon	???
#bus	???
#prt	???
#webb	???
#ntag	???
#csb	???
#sccb	???
#bcc	???
#brdf	???
#tgn	???
#f8	???
#hardware	???
#neurolex	???
#mx	???
#mec	???
#uvn	???
#foef	???
#enuis	???
#adsf	???
#xkcd	???
#swot	???
#xsp	???
#ocube	???
#abo	???
#programme	???
#led	???
#wfprov	???
#cheese	???
#owlapi	???
#wwf	???
#uk	???
#docs	???
#ns3	???
#rb	???
#oxp	???
#msg0	???
#bq	???
#look	???
#transna	???
#topconcept	???
#soa	???
#sid	???
#pref	???
#rlabel	???
#dbres	???
#ekos	???
#gtalk	???
#redfs	???
#vk	???
#jun	???
#attribute	???
#budget	???
#ign	???
#tourexp	???
#marc21	???
#edns	???
#dsw	???
#geosparql	???
#prolog	???
#lau	???
#geo681	???
#dco	???
#fben	???
#xi	???
#acal	???
#gprog	???
#dsdmx	???
#function	???
#geostat	???
#diff	???
#databases	???
#sparqlres	???
#relational	???
#aa	???
#dsi	???
#gob2r	???
#whiskey	???
#lms	???
#sdd	???
#univ	???
#dbk	???
#dogont	???
#gbowl	???
#auto	???
#calandat	???
#guild	???
#iri	???
#csp	???
#html5	???
#edgar	???
#dbpro	???
#computers	???
#iso19115	???
#dvt	???
#bcntransp	???
#jabberd	???
#xlt	???
#azd	???
#dctermrs	???
#asturias	???
#ouilyktjhg	???
#meeing	???
#dcm	???
#gooddata	???
#freeclass	???
#bibi	???
#janus	???
#fdfs	???
#sxl	???
#ccd	???
#airp	???
#boe	???
#asn	???
#cust	???
#bla	???
#foafisbd	???
#gandhi	???
#infy	???
#found	???
#bounce	???
#evnt	???
#ergo	???
#abl	???
#geors	???
#el	???
#calais	???
#urc	???
#dawg	???
#hassan	???
#foafgml	???
#cy	???
#eng	???
#cursi	???
#dbml	???
#coche	???
#cupidon	???
#covrigi	???
#bef	???
#dgp32	???
#cidoccrm	???
#osgeo	???
#avio	???
#hotels	???
#breakfast	???
#italia	???
#iden	???
#polla	???
#gwas	???
#dei	???
#cites	???
#dbppro	???
#lanng	???
#maniac	???
#wgs83	???
#plus	???
#argot	???
#spso	???
#al	???
#schemaorg	???
#route	???
#oslc	???
#cofog	???
#tegs	???
#sms	???
#bestbuy	???
#sprel	???
#traffic	???
#snomedct	???
#cimom	???
#gwp	???
#icaltzid	???
#junc	???
#poi	???
#rdfmao	???
#rdfmap	???
#top100	???
#commercew	???
#reactome	???
#pathway	???
#rent	???
#non	???
#duration	???
#sao	???
#fear	???
#w3	???
#orphanet	???
#ecbstats	???
#r101	???
#govt	???
#kupo	???
#rvoid	???
#sdghcg	???
#rdfffff	???
#rawmat	???
#yao	???
#musoc	???
#dbol	???
#count	???
#reating	???
#az	???
#socamn3	???
#sdo	???
#ssnx	???
#mondial	???
#rank	???
#frad	???
#adms	???
#render	???
#kdo	???
#sa	???
#nho	???
#has	???
#php	???
#spatrel	???
#ootb	???
#uvr	???
#hard71	???
#p2071	???
#ldif	???
#p3p71	???
#asdfadfasf	???
#death	???
#xiz	???
#examp	???
#geontolog	???
#drvocab	???
#jsf	???
#bcnbioleg	???
#bcnleg	???
#fooaf	???
#err	???
#contrary	???
#gooddate	???
#eclassowl	???
#adminge	???
#dmoz	???
#dol	???
#cgo	???
#csbc	???
#ccs	???
#pito	???
#floss	???
#infoiasi	???
#foaff	???
#ieee	???
#ggl	???
#complang	???
#gvcard	???
#cnid	???
#dqr	???
#factforge	???
#jmv	???
#inria	???
#distance	???
#datafq	???
#gengui	???
#hrc	???
#dbresource	???
#viso	???
#allie	???
#locgov	???
#marcxml	???
#marc	???
#sap	???
#ciu	???
#relation	???
#bb	???
#spdy	???
#callto	???
#spotify	???
#subtype	???
#iosbd	???
#wg84	???
#int	???
#exalemp	???
#datafqs	???
#hallo	???
#osi	???
#rdy	???
#vios	???
#cka	???
#semint	???
#bike	???
#cadarn	???
#cim	???
#skossparql	???
#dbsnp	???
#oagis	???
#opc	???
#mmosa	???
#iso15926	???
#role	???
#roles	???
#iso159262	???
#fghyrrrr	???
#erlangen	???
#chm	???
#junct	???
#eth	???
#disability	???
#ipads	???
#gomez	???
#dfki	???
#fbml	???
#anep	???
#expense	???
#bmo	???
#iati	???
#furmiture	???
#joe	???
#fvoid	???
#ketut	???
#debpedia	???
#phenonet	???
#marker	???
#olcd	???
#iso3166	???
#faf	???
#dw	???
#catalog	???
#ded	???
#ed	???
#jf	???
#refarea	???
#pao	???
#fbk	???
#ebay	???
#hdt	???
#xxd	???
#ese	???
#socam	???
#kunnat	???
#sdfgsd	???
#geofla	???
#t2flow	???
#swanrel	???
#steelcase	???
#uml	???
#mt	???
#va	???
#doinowl	???
#sdtm	???
#logistic	???
#prvfiles	???
#tns	???
#ae	???
#di	???
#mdl	???
#ipam	???
#workswith	???
#ontoware	???
#eures	???
#mgl	???
#ien	???
#sch	???
#envo	???
#pni	???
#iso6392	???
#ucumunit	???
#srtag	???
#indiaa	???
#nc	???
#locn	???
#areal	???
#sz	???
#wbd	???
#wbfd	???
#thes	???
#bmx	???
#viscube	???
#lb	???
#bcn	???
#ges	???
#uvc	???
#meida	???
#rpg	???
#nndsr71	???
#nao301	???
#timeline71	???
#powder311	???
#owk	???
#idata	???
#idat	???
#gnf	???
#gho	???
#foredrelaf	???
#rdrelrdrel	???
#modified	???
#uid	???
#fco	???
#pico	???
#schmema	???
#gh	???
#e	???
#ciph	???
#cion	???
#ida	???
#swa	???
#ccpp	???
#furniture	???
#brrge	???
#brreg	???
#jp	???
#bdpedia	???
#do	???
#fgteedc	???
#grd	???
#tms	???
#da	???
#cou	???
#opl	???
#regular	???
#discipline	???
#colorspace	???
#dboedia	???
#nick	???
#attrib	???
#su	???
#smail	???
#nm	???
#loted	???
#occ	???
#gg	???
#rdv	???
#vocabs	???
#vswp	???
#ews	???
#psys	???
#dvo	???
#starttime	???
#mg	???
#competitio	???
#located	???
#acces	???
#strategies	???
#download	???
#decision	???
#admitted	???
#diferent	???
#issues	???
#maintain	???
#withdraw	???
#exactly	???
#mdt	???
#arc	???
#foalocf	???
#iso639	???
#gay	???
#rqb	???
#uco	???
#gratis	???
#ldapi	???
#skovo	???
#git	???
#cvs	???
#forge	???
#rinkan	???
#licya	???
#iscity	???
#pin	???
#ccmbg	???
#geography	???
#dcprop	???
#hvor	???
#feed	???
#snv	???
#academic	???
#land	???
#dsioc	???
#asdfadsf	???
#expath	???
#path	???
#smil	???
#ag	???
#klo	???
#dtp	???
#janze	???
#dataset	???
#conversin	???
#damnl	???
#scor	???
#cf	???
#polic	???
#dia	???
#diav	???
#diavg	???
#diavge	???
#diavgei	???
#diavgeia	???
#shit	???
#qu	???
#szotten	???
#user71	???
#wsperson	???
#scoc	???
#wac	???
#foaf101	???
#maf	???
#o2	???
#pupp	???
#owel	???
#frbr71	???
#about3721	???
#com71	???
#skosrdfs	???
#import	???
#remote	???
#stories	???
#wd	???
#heml	???
#opme	???
#opmo	???
#juan	???
#geo2661	???
#entityhub	???
#geonmaes	???
#ontogeo	???
#owner	???
#bco	???
#rdffile	???
#scl	???
#dcter	???
#infodata	???
#europe	???
#redrel	???
#hnaa	???
#uniclass	???
#filename	???
#gps	???
#guo	???
#meducator	???
#eurovoc	???
#gro	???
#kilo	???
#apt	???
#ub	???
#radatana	???
#aws	???
#oboecore	???
#practical	???
#ur	???
#citizen	???
#degois	???
#pippo	???
#ead	???
#ccns	???
#hr	???
#nxp	???
#foqf	???
#tdfs	???
#free	???
#ddd	???
#novel	???
#novels	???
#tenant	???
#scolom	???
#slom	???
#rgn	???
#region	???
#spatialr	???
#readme	???
#ka	???
#know	???
#u	???
#m	???
#reverse	???
#updates	???
#agnt	???
#anf	???
#finance	???
#infodat	???
#cta	???
#rdagr	???
#doad	???
#humain	???
#horst	???
#dnb	???
#document	???
#att	???
#rdavocab	???
#adfasdf	???
#generation	???
#koc	???
#kac	???
#frap	???
#aers	???
#rss20	???
#em	???
#masta	???
#bloo	???
#blo	???
#cdisc	???
#proto	???
#tmp	???
#argument	???
#sn	???
#lscom	???
#bruno	???
#fea	???
#epterms	???
#biotop	???
#created	???
#aeo	???
#collection	???
#yyttrrddcx	???
#ghsrthydt	???
#wkoedia	???
#wkpedia	???
#dbmedia	???
#ppmo	???
#frbrc	???
#euraxess	???
#lccn	???
#religion	???
#hosp	???
#aydos	???
#slo	???
#mart	???
#dewey	???
#rfoaf	???
#ovoc	???
#dmeshr	???
#dbmeshr	???
#dbpemeshr	???
#owmeshr	???
#owlmeshr	???
#rdrugbank	???
#rddrugbank	???
#rdfsank	???
#rdfsnk	???
#rdfsk	???
#typet	???
#rugbank	???
#ugbank	???
#gbank	???
#bank	???
#ank	???
#nk	???
#dpll	???
#dterms	???
#dterm	???
#labelhttp	???
#bnf	???
#akomantoso	???
#akoma	???
#climate	???
#demography	???
#demo	???
#cea	???
#var1rdf	???
#ifc	???
#building	???
#oxpoints	???
#ask	???
#special	???
#version	???
#changelog	???
#virtuemart	???
#pla	???
#hotspots	???
#gsol	???
#train	???
#dmci	???
#museum	???
#ned	???
classical	http://dbtune.org/classical/resource/type/
cmn	http://purl.org/ontology/classicalmusicnav#
property	http://dbtune.org/classical/resource/vocab/
dbv	http://dbtune.org/musicbrainz/resource/vocab/
adms	http://www.w3.org/ns/adms#
ldso	http://lodstats.aksw.org/ontology/ldso.owl#
gndo	http://d-nb.info/standards/elementset/gnd#
led	http://led.kmi.open.ac.uk/term/
loc-ri	http://id.loc.gov/ontologies/RecordInfo#
loc-bf	http://id.loc.gov/ontologies/bibframe/